name,latitude,longitude,car_name,car_number,number_of_seats,in_carpool
Aarav,28.7041,77.1025,Maruti Suzuki Swift DZire,VAA123,4,True
Aditi,28.7042,77.1026,Honda City,VAB234,4,True
Aryan,22.5726,88.3639,Tata Tiago,VAC345,4,False
Deepika,22.5727,88.3640,Mahindra Scorpio,VAD456,5,True
Gautam,17.3850,78.4867,Renault Kwid,VAE567,4,False
Ishaan,17.3851,78.4868,HYUNDAI i20,VAF678,4,True
Jhanvi,18.5204,73.8567,Ford EcoSport,VAG789,4,False
Kabir,18.5205,73.8568,Honda Amaze,VAH890,4,True
Lakshmi,22.3072,73.1812,Mahindra XUV500,VAI901,4,False
Neha,25.3176,82.9739,Mazda 6,VAK123,4,True
Priya,19.2183,72.9781,Mercedes-Benz C-Class,VAL234,4,True
Rahul,23.0225,72.5714,Nissan Altima,VAM345,4,False
Riya,28.6692,77.4538,Porsche Panamera,VAN456,4,False
Saanvi,12.2958,76.6394,Rolls-Royce Ghost Series II,VAO567,4,False
Samarth,15.2993,74.1240,Tesla Model S,VAP678,4,True
Shivansh,31.1471,75.3412,Volkswagen Passat,VBA123,4,True
Shreya,22.9868,87.8550,Acura TLX,VBB234,4,True
Siddharth,20.2961,85.8245,Audi A6,VBC345,4,True
Simran,9.9252,78.1198,BMW 5 Series,VBD456,4,True
Soham,11.9416,79.8083,Cadillac CTS,VBE567,4,True
Tara,26.8467,80.9462,Chevrolet Impala,VCA123,4,False
Uma,28.5355,77.3910,Dodge Challenger,VCB234,4,False
Ved,22.7196,75.8577,Ford Fusion,VCC345,4,False
Vivaan,30.7333,76.7794,Honda Civic,VCD456,4,True
Zara,26.9124,75.7873,Jaguar XE,VDA123,4,True
Aadi,22.3072,73.1812,Kia Optima,VDB234,4,True
Aarushi,21.1458,79.0882,Lexus IS 300,VDC345,4,True
Aarav,28.7041,77.1025,Audi A4,VAA123,4,True
Aditi,28.7042,77.1026,BMW 3 Series,VAB234,4,True
Aryan,,88.3639,Chevrolet Cruze,VAC345,4,True
Deepika,22.5727,,Dodge Charger,VAD456,4,True
Gautam,17.3850,78.4867,Ford Mustang,,4,True
Ishaan,,78.4868,Honda Accord,VAF678,4,True
Jhanvi,,73.8567,Jaguar XF,VAG789,4,True
Kabir,,75.7873,Kia Stinger,,4,True
Lakshmi,,73.1812,Lexus ES 350,,4,True
Neha,,82.9739,Mazda 6,VAK123,4,True
Priya,,72.9781,Mercedes-Benz C-Class,,4,True
Rahul,,72.5714,Nissan Altima,VAM345,4,True
Riya,,77.4538,Porsche Panamera,,4,True
Saanvi,,76.6394,Rolls-Royce Ghost Series II,,4,True
Samarth,,74.1240,Tesla Model S,,4,True
Sarika,,87.8550,Volkswagen Passat,,4,True
Siddharth,,85.8245,Acura TLX,,4,False
Simran,,78.1198,Audi A6,,4,False
Soham,,79.8083,BMW 5 Series,,4,False
Neha,,82.9739,Tata Tiago,VAK123,5,False
Priya,,72.9781,Mahindra Bolero,,,False
Rahul,,72.5714,Honda City,VAM345,,False
Riya,,77.4538,Maruti Suzuki Dzire,,,False
Saanvi,,76.6394,HYUNDAI Creta,,,False
Samarth,,74.1240,Kia Seltos,,,False
Sarika,,87.8550,Tata Harrier,,,False
Siddharth,,85.8245,Mahindra Scorpio,,,False
Simran,,78.1198,Renault Triber,,,False
Soham,,79.8083,HYUNDAI i20,,,False
John,37.7749,-122.4194,Toyota Camry,ABC123,4,True
Emily,37.3382,-121.8863,Honda Civic,DEF456,3,True
Michael,34.0522,-118.2437,,GHI789,,False
Jessica,34.0522,-118.2437,Hyundai Elantra,,2,True
David,34.0522,-118.2437,Ford Focus,JKL012,4,True
Sarah,37.7749,-122.4194,Toyota Prius,MNO345,3,False
Daniel,37.3382,-121.8863,Honda Accord,PQR678,4,True
Jennifer,34.0522,-118.2437,,STU901,,False
Andrew,37.7749,-122.4194,Toyota Corolla,VWX234,4,True
Olivia,37.7749,-122.4194,Honda Fit,YZ0123,3,True
Matthew,37.3382,-121.8863,,ABC123,2,False
Sophia,34.0522,-118.2437,Toyota Camry,DEF456,4,True
Christopher,37.3382,-121.8863,Ford Fusion,GHI789,3,True
Ava,34.0522,-118.2437,,JKL012,,False
William,37.7749,-122.4194,Hyundai Elantra,MNO345,2,True
Mia,37.7749,-122.4194,Honda Civic,PQR678,4,True
Ethan,37.3382,-121.8863,Ford Focus,STU901,3,True
Samantha,34.0522,-118.2437,,VWX234,,False
Joseph,34.0522,-118.2437,Toyota Prius,YZ0123,4,True
Abigail,37.7749,-122.4194,Honda Accord,ABC123,3,True
James,37.7749,-122.4194,Toyota Corolla,DEF456,4,True
Victoria,37.3382,-121.8863,Ford Fusion,GHI789,2,False
Alexander,34.0522,-118.2437,,JKL012,,False
Grace,37.7749,-122.4194,Hyundai Elantra,MNO345,4,True
Daniel,37.3382,-121.8863,Honda Fit,PQR678,3,True
Chloe,34.0522,-118.2437,Ford Focus,STU901,4,True
Henry,37.7749,-122.4194,,VWX234,2,True
Emily,37.7749,-122.4194,Toyota Prius,YZ0123,3,False
Madison,37.3382,-121.8863,Honda Accord,ABC123,4,True
Elijah,34.0522,-118.2437,Toyota Corolla,DEF456,3,True
Lily,34.0522,-118.2437,Ford Fusion,GHI789,4,True
Benjamin,37.7749,-122.4194,,JKL012,,False
Avery,37.7749,-122.4194,Hyundai Elantra,MNO345,2,True
Alexander,37.3382,-121.8863,Honda Fit,PQR678,4,True
Mia,34.0522,-118.2437,Ford Focus,STU901,3,True
Scarlett,34.0522,-118.2437,,VWX234,,False
Lucas,37.7749,-122.4194,Toyota Prius,YZ0123,4,True
Amelia,37.7749,-122.4194,Honda Accord,ABC123,3,True
Liam,37.3382,-121.8863,Toyota Corolla,DEF456,4,True
Sofia,34.0522,-118.2437,Ford Fusion,GHI789,2,False
Evelyn,34.0522,-118.2437,,JKL012,,False
Henry,37.7749,-122.4194,Hyundai Elantra,MNO345,4,True
Charlotte,37.3382,-121.8863,Honda Fit,PQR678,3,True
Noah,34.0522,-118.2437,Ford Focus,STU901,4,True
Harper,34.0522,-118.2437,,VWX234,2,True
Michael,37.7749,-122.4194,Toyota Prius,YZ0123,3,False
Sophia,37.7749,-122.4194,Honda Accord,ABC123,4,True
Daniel,37.3382,-121.8863,Toyota Corolla,DEF456,3,True
Emma,34.0522,-118.2437,Ford Fusion,GHI789,4,True
Oliver,34.0522,-118.2437,,JKL012,,False
Isabella,37.7749,-122.4194,Hyundai Elantra,MNO345,2,True
Jacob,37.3382,-121.8863,Honda Fit,PQR678,3,True
Mia,34.0522,-118.2437,Ford Focus,STU901,4,True
Emma,34.0522,-118.2437,,VWX234,2,True
Alexander,37.7749,-122.4194,Toyota Prius,YZ0123,4,False
Sophia,37.7749,-122.4194,Honda Accord,ABC123,3,True
Ethan,37.3382,-121.8863,Toyota Corolla,DEF456,4,True
Olivia,34.0522,-118.2437,Ford Fusion,GHI789,2,False
William,34.0522,-118.2437,,JKL012,,False
Abigail,37.7749,-122.4194,Hyundai Elantra,MNO345,4,True
Michael,37.3382,-121.8863,Honda Fit,PQR678,3,True
Emily,34.0522,-118.2437,Ford Focus,STU901,4,True
Madison,34.0522,-118.2437,,VWX234,2,True
Daniel,37.7749,-122.4194,Toyota Prius,YZ0123,3,False
Oliver,37.7749,-122.4194,Honda Accord,ABC123,4,True
Elizabeth,37.3382,-121.8863,Toyota Corolla,DEF456,3,True
Grace,34.0522,-118.2437,Ford Fusion,GHI789,4,True
Aiden,34.0522,-118.2437,,JKL012,,False
Sofia,37.7749,-122.4194,Hyundai Elantra,MNO345,2,True
Benjamin,37.3382,-121.8863,Honda Fit,PQR678,3,True
Avery,34.0522,-118.2437,Ford Focus,STU901,4,True
Jacob,34.0522,-118.2437,,VWX234,2,True
Elijah,37.7749,-122.4194,Toyota Prius,YZ0123,3,False
Charlotte,37.7749,-122.4194,Honda Accord,ABC123,4,True
Lucas,37.3382,-121.8863,Toyota Corolla,DEF456,3,True
Harper,34.0522,-118.2437,Ford Fusion,GHI789,4,True
Evelyn,34.0522,-118.2437,,JKL012,,False
Logan,37.7749,-122.4194,Hyundai Elantra,MNO345,2,True
Amelia,37.3382,-121.8863,Honda Fit,PQR678,3,True
Aiden,34.0522,-118.2437,Ford Focus,STU901,4,True
Mia,34.0522,-118.2437,,VWX234,2,True
Daniel,37.7749,-122.4194,Toyota Prius,YZ0123,3,False
Liam,37.7749,-122.4194,Honda Accord,ABC123,4,True
Ava,37.3382,-121.8863,Toyota Corolla,DEF456,3,True
Noah,34.0522,-118.2437,Ford Fusion,GHI789,4,True
Olivia,34.0522,-118.2437,,JKL012,,False
Emily,37.7749,-122.4194,Hyundai Elantra,MNO345,2,True
Benjamin,37.3382,-121.8863,Honda Fit,PQR678,3,True
Sophia,34.0522,-118.2437,Ford Focus,STU901,4,True
Elijah,34.0522,-118.2437,,VWX234,2,True
Michael,37.7749,-122.4194,Toyota Prius,YZ0123,3,False
Charlotte,37.7749,-122.4194,Honda Accord,ABC123,4,True
Lucas,37.3382,-121.8863,Toyota Corolla,DEF456,3,True
Harper,34.0522,-118.2437,Ford Fusion,GHI789,4,True
Evelyn,34.0522,-118.2437,,JKL012,,False
Logan,37.7749,-122.4194,Hyundai Elantra,MNO345,2,True
Amelia,37.3382,-121.8863,Honda Fit,PQR678,3,True
Aiden,34.0522,-118.2437,Ford Focus,STU901,4,True
Mia,34.0522,-118.2437,,VWX234,2,True
Daniel,37.7749,-122.4194,Toyota Prius,YZ0123,3,False
Liam,37.7749,-122.4194,Honda Accord,ABC123,4,True
Ava,37.3382,-121.8863,Toyota Corolla,DEF456,3,True
Noah,34.0522,-118.2437,Ford Fusion,GHI789,4,True
Amit,28.7043,77.1027,Maruti Suzuki Swift DZire,VAA124,4,True
Ananya,28.7044,77.1028,Honda City,VAB235,4,True
Aarush,22.5728,88.3641,Tata Tiago,VAC346,4,False
Dhriti,22.5729,88.3642,Mahindra Scorpio,VAD457,5,True
Karan,17.3852,78.4869,Renault Kwid,VAE568,4,False
Riya,17.3853,78.4870,HYUNDAI i20,VAF679,4,True
Nikhil,18.5206,73.8569,Ford EcoSport,VAG790,4,False
Neha,18.5207,73.8570,Honda Amaze,VAH902,4,True
Rahul,22.3073,73.1813,Mahindra XUV500,VAI913,4,False
Sanjay,28.7045,77.1029,Maruti Suzuki Baleno,VAA346,5,True
Sneha,28.7046,77.1030,Honda Accord,VAB457,5,True
Rajat,22.5730,88.3643,Tata Harrier,VAC568,5,False
Shreya,22.5731,88.3644,Mahindra XUV300,VAD679,5,True
Varun,17.3854,78.4871,Renault Duster,VAE790,5,False
Vidya,17.3855,78.4872,HYUNDAI Creta,VAF901,5,True
Amita,18.5208,73.8571,Ford Mustang,VAG012,4,False
Alok,18.5209,73.8572,Honda CR-V,VAH123,5,True
Anika,22.3074,73.1814,Mahindra KUV100,VAI234,6,False
Rohit,28.7047,77.1031,Maruti Suzuki Ciaz,VAA457,5,True
Pooja,28.7048,77.1032,Honda WR-V,VAB568,5,True
Sushant,22.5732,88.3645,Tata Safari,VAC679,7,False
Sakshi,22.5733,88.3646,Mahindra Marazzo,VAD790,7,True
Saurabh,17.3856,78.4873,Renault Captur,VAE901,5,False
Ritika,17.3857,78.4874,HYUNDAI Venue,VAF012,5,True
Aaditya,18.5210,73.8573,Ford Endeavour,VAG123,7,False
Aarushi,18.5211,73.8574,Honda WRV,VAH234,5,True
Anushka,22.3075,73.1815,Mahindra TUV300,VAI345,7,False
Arjun,28.7049,77.1033,Maruti Suzuki Ertiga,VAA456,7,True
Aditya,28.7050,77.1034,Honda BR-V,VAB567,7,True
Sahil,22.5734,88.3647,Tata Altroz,VAC678,5,False
Sanya,22.5735,88.3648,Mahindra Verito,VAD789,5,True
Utkarsh,17.3858,78.4875,Renault Lodgy,VAE890,7,False
Vivek,17.3859,78.4876,HYUNDAI Santro,VAF901,5,True
Ishita,18.5212,73.8575,Ford Aspire,VAG012,5,False
Kavita,18.5213,73.8576,Honda City,VAG123,5,True
Harsh,22.3076,73.1816,Mahindra Scorpio,VAG234,7,False
Nikita,28.7051,77.1035,Maruti Suzuki Swift DZire,VAA568,4,True
Rishabh,28.7052,77.1036,Honda City,VAB679,4,True
Shubham,22.5736,88.3649,Tata Tiago,VAC790,4,False
Anjali,22.5737,88.3650,Mahindra Scorpio,VAD901,5,True
Shivam,17.3870,78.4877,Renault Kwid,VAE012,4,False
Priya,17.3871,78.4878,HYUNDAI i20,VAF123,4,True
Rohan,28.7053,77.1037,Maruti Suzuki Swift,VAA679,4,True
Anamika,28.7054,77.1038,Honda Civic,VAB790,4,True
Rishi,22.5738,88.3651,Tata Nexon,VAC901,5,False
Shruti,22.5739,88.3652,Mahindra Thar,VAD012,4,True
Vikas,17.3872,78.4879,Renault Triber,VAE123,7,False
Nisha,17.3873,78.4880,HYUNDAI Verna,VAF234,5,True
Pranav,18.5214,73.8577,Ford Figo,VAG345,5,False
Simran,18.5215,73.8578,Honda Jazz,VAH456,5,True
Rajesh,22.3077,73.1817,Mahindra Bolero,VAI567,7,False
Shikha,28.7055,77.1039,Maruti Suzuki Alto,VAA790,4,True
Vishal,28.7056,77.1040,Honda Amaze,VAB901,5,True
Snehal,22.5740,88.3653,Tata Tigor,VAC012,5,False
Parth,22.5741,88.3654,Mahindra Verito,VAD123,5,True
Poojan,17.3874,78.4881,Renault KWID,VAE234,4,False
Anusha,17.3875,78.4882,HYUNDAI Grand i10,VAF345,5,True
Mayank,18.5216,73.8579,Ford EcoSport,VAG456,4,False
Kirti,18.5217,73.8580,Honda WR-V,VAH567,5,True
Adarsh,22.3078,73.1818,Mahindra XUV300,VAI678,5,False
Aayushi,28.7057,77.1041,Maruti Suzuki Wagon R,VAA901,4,True
Prakash,28.7058,77.1042,Honda WR-V,VAB012,5,True
Shubhi,22.5742,88.3655,Tata Safari Storme,VAC123,7,False
Vaibhav,22.5743,88.3656,Mahindra Scorpio,VAD234,7,True
Ritu,17.3876,78.4883,Renault Duster,VAE345,5,False
Arnav,17.3877,78.4884,HYUNDAI Creta,VAF456,5,True
Suhani,18.5218,73.8581,Ford Mustang,VAG567,4,False
Samarth,18.5219,73.8582,Honda CR-V,VAH678,5,True
Vishaka,22.3079,73.1819,Mahindra KUV100 NXT,VAI789,6,False
Yash,28.7059,77.1043,Maruti Suzuki Celerio,VAA012,4,True
Jyoti,28.7060,77.1044,Honda Brio,VAB123,4,True
Akash,22.5744,88.3657,Tata Hexa,VAC234,7,False
Ankita,22.5745,88.3658,Mahindra Xylo,VAD345,7,True
Kunal,17.3878,78.4885,Renault Captur,VAE456,5,False
Ria,17.3879,78.4886,HYUNDAI Venue,VAF567,5,True
Nitin,18.5220,73.8583,Ford Aspire,VAG678,5,False
Tanvi,18.5221,73.8584,Honda City,VAH789,5,True
Rahul,22.3080,73.1820,Mahindra Scorpio,VAI890,7,False
Sonali,28.7061,77.1045,Maruti Suzuki Swift DZire,VAA234,4,True
Aryan,28.7062,77.1046,Honda City,VAB345,4,True
Nehal,22.5746,88.3659,Tata Altroz,VAC456,5,False
Ritika,22.5747,88.3660,Mahindra Verito,VAD567,5,True
Karan,17.3880,78.4887,Renault KWID,VAE678,4,False
Vandana,17.3881,78.4888,HYUNDAI i20,VAF789,4,True
Ajay,18.5222,73.8585,Ford EcoSport,VAG890,4,False
Kavya,18.5223,73.8586,Honda Amaze,VAH901,4,True
Arjun,22.3081,73.1821,Mahindra XUV500,VAI012,4,False
Zara,41.9028,12.4964,Audi A4,VAA987,5,True
Apollo,36.7538,3.0588,BMW X5,VAB876,5,True
Astrid,51.5074,-0.1278,Mercedes-Benz C-Class,VAC765,5,False